old_str,new_str
"        # Get results with the lowest inertia
        labels, inertia, centers, n_iters = zip(*results)
        best = np.argmin(inertia)
        best_labels = labels[best]
        best_inertia = inertia[best]
        best_centers = centers[best]
        best_n_iter = n_iters[best]","        # Get results with the lowest inertia
        labels, inertia, centers, n_iters = zip(*results)
        best = np.argmin(inertia)
        best_labels = labels[best]
        best_centers = centers[best]
        best_n_iter = n_iters[best]
        # Recompute inertia to ensure consistency with sequential execution
        best_labels, best_inertia = _labels_inertia(
            X, sample_weight, x_squared_norms, best_centers,
            precompute_distances=precompute_distances)"
"            # run a k-means once
            labels, inertia, centers, n_iter_ = kmeans_single(
                X, sample_weight, n_clusters, max_iter=max_iter, init=init,
                verbose=verbose, precompute_distances=precompute_distances,
                tol=tol, x_squared_norms=x_squared_norms,
                random_state=random_state)
            # determine if these results are the best so far
            if best_inertia is None or inertia < best_inertia:
                best_labels = labels.copy()
                best_centers = centers.copy()
                best_inertia = inertia
                best_n_iter = n_iter_","            # run a k-means once
            labels, inertia, centers, n_iter_ = kmeans_single(
                X, sample_weight, n_clusters, max_iter=max_iter, init=init,
                verbose=verbose, precompute_distances=precompute_distances,
                tol=tol, x_squared_norms=x_squared_norms,
                random_state=random_state)
            # determine if these results are the best so far
            if best_inertia is None or inertia < best_inertia:
                best_labels = labels.copy()
                best_centers = centers.copy()
                best_n_iter = n_iter_
            # Recompute inertia to ensure consistency
            best_labels, best_inertia = _labels_inertia(
                X, sample_weight, x_squared_norms, best_centers,
                precompute_distances=precompute_distances)"
"        # Recompute inertia to ensure consistency
        best_labels, best_inertia = _labels_inertia(
            X, sample_weight, x_squared_norms, best_centers,
            precompute_distances=precompute_distances)","        # Recompute inertia to ensure consistency, using sequential execution
        best_labels, best_inertia = _labels_inertia(
            X, sample_weight, x_squared_norms, best_centers,
            precompute_distances=precompute_distances, distances=None)"
"    if sp.issparse(X):
        inertia = _k_means._assign_labels_csr(
            X, sample_weight, x_squared_norms, centers, labels,
            distances=distances)
    else:
        if precompute_distances:
            return _labels_inertia_precompute_dense(X, sample_weight,
                                                    x_squared_norms, centers,
                                                    distances)
        inertia = _k_means._assign_labels_array(
            X, sample_weight, x_squared_norms, centers, labels,
            distances=distances)","    if sp.issparse(X):
        inertia = _k_means._assign_labels_csr(
            X, sample_weight, x_squared_norms, centers, labels,
            distances=distances)
    else:
        if precompute_distances:
            labels, inertia = _labels_inertia_precompute_dense(X, sample_weight,
                                                              x_squared_norms, centers,
                                                              distances)
            # Ensure consistent computation by recomputing inertia
            inertia = np.sum(sample_weight * np.min(
                euclidean_distances(X, centers, squared=True), axis=1))
            return labels, inertia
        inertia = _k_means._assign_labels_array(
            X, sample_weight, x_squared_norms, centers, labels,
            distances=distances)"
"    if effective_n_jobs(n_jobs) == 1:
        # For a single thread, less memory is needed if we just store one set
        # of the best results (as opposed to one set per run per thread).
        for it in range(n_init):
            # run a k-means once
            labels, inertia, centers, n_iter_ = kmeans_single(
                X, sample_weight, n_clusters, max_iter=max_iter, init=init,
                verbose=verbose, precompute_distances=precompute_distances,
                tol=tol, x_squared_norms=x_squared_norms,
                random_state=random_state)
            # determine if these results are the best so far
            if best_inertia is None or inertia < best_inertia:
                best_labels = labels.copy()
                best_centers = centers.copy()
                best_inertia = inertia
                best_n_iter = n_iter_","    if effective_n_jobs(n_jobs) == 1:
        # For a single thread, less memory is needed if we just store one set
        # of the best results (as opposed to one set per run per thread).
        for it in range(n_init):
            # Ensure consistent initialization
            current_random_state = random_state.randint(np.iinfo(np.int32).max)
            # run a k-means once
            labels, inertia, centers, n_iter_ = kmeans_single(
                X, sample_weight, n_clusters, max_iter=max_iter, init=init,
                verbose=verbose, precompute_distances=precompute_distances,
                tol=tol, x_squared_norms=x_squared_norms,
                random_state=current_random_state)
            # determine if these results are the best so far
            if best_inertia is None or inertia < best_inertia:
                best_labels = labels.copy()
                best_centers = centers.copy()
                best_inertia = inertia
                best_n_iter = n_iter_"
"    if effective_n_jobs(n_jobs) == 1:
        # For a single thread, less memory is needed if we just store one set
        # of the best results (as opposed to one set per run per thread).
        for it in range(n_init):
            # run a k-means once
            labels, inertia, centers, n_iter_ = kmeans_single(
                X, sample_weight, n_clusters, max_iter=max_iter, init=init,
                verbose=verbose, precompute_distances=precompute_distances,
                tol=tol, x_squared_norms=x_squared_norms,
                random_state=random_state)
            # determine if these results are the best so far
            if best_inertia is None or inertia < best_inertia:
                best_labels = labels.copy()
                best_centers = centers.copy()
                best_inertia = inertia
                best_n_iter = n_iter_
            # Recompute inertia to ensure consistency
            best_labels, best_inertia = _labels_inertia(
                X, sample_weight, x_squared_norms, best_centers,
                precompute_distances=precompute_distances)","    if effective_n_jobs(n_jobs) == 1:
        # For a single thread, less memory is needed if we just store one set
        # of the best results (as opposed to one set per run per thread).
        for it in range(n_init):
            # Ensure consistent initialization
            current_random_state = random_state.randint(np.iinfo(np.int32).max)
            # run a k-means once
            labels, inertia, centers, n_iter_ = kmeans_single(
                X, sample_weight, n_clusters, max_iter=max_iter, init=init,
                verbose=verbose, precompute_distances=precompute_distances,
                tol=tol, x_squared_norms=x_squared_norms,
                random_state=current_random_state)
            # determine if these results are the best so far
            if best_inertia is None or inertia < best_inertia:
                best_labels = labels.copy()
                best_centers = centers.copy()
                best_n_iter = n_iter_
            # Recompute inertia to ensure consistency
            best_labels, best_inertia = _labels_inertia(
                X, sample_weight, x_squared_norms, best_centers,
                precompute_distances=precompute_distances)"
"    if effective_n_jobs(n_jobs) == 1:
        # For a single thread, less memory is needed if we just store one set
        # of the best results (as opposed to one set per run per thread).
        for it in range(n_init):
            # run a k-means once
            labels, inertia, centers, n_iter_ = kmeans_single(
                X, sample_weight, n_clusters, max_iter=max_iter, init=init,
                verbose=verbose, precompute_distances=precompute_distances,
                tol=tol, x_squared_norms=x_squared_norms,
                random_state=random_state)
            # determine if these results are the best so far
            if best_inertia is None or inertia < best_inertia:
                best_labels = labels.copy()
                best_centers = centers.copy()
                best_inertia = inertia
                best_n_iter = n_iter_","    if effective_n_jobs(n_jobs) == 1:
        # For a single thread, less memory is needed if we just store one set
        # of the best results (as opposed to one set per run per thread).
        for it in range(n_init):
            # run a k-means once
            labels, inertia, centers, n_iter_ = kmeans_single(
                X, sample_weight, n_clusters, max_iter=max_iter, init=init,
                verbose=verbose, precompute_distances=precompute_distances,
                tol=tol, x_squared_norms=x_squared_norms,
                random_state=random_state)
            # determine if these results are the best so far
            if best_inertia is None or inertia < best_inertia:
                best_labels = labels.copy()
                best_centers = centers.copy()
                best_n_iter = n_iter_
            # Recompute inertia to ensure consistency
            best_labels, best_inertia = _labels_inertia(
                X, sample_weight, x_squared_norms, best_centers,
                precompute_distances=precompute_distances)"
